LOCATION_ID,OPERATOR,LON,LAT
5413066421,Chase,-90.067435,29.9549005
2293201913,Chase,-104.772892,39.7833465
4070361591,PNC Bank,-77.04212,38.9232218
960470070,Wells Fargo,-104.941159,39.6791465
10218511215,,-90.0521381,29.9692125
3846829955,,-77.3068219,38.6541807
6347348180,Elevations Credit Union,-105.250259,39.9842863
8282147381,,-97.7411049,30.3617325
5887897811,,-104.7655575,39.5197581
280232499,,-97.734911,30.2915028
935579298,,-98.4849596,29.423398
9528857248,Chase,-104.7725159,39.7833839
2500309579,Security Service,-104.8792575,39.5682936
4483180771,Great Western Bank,-105.259342,40.0225696
8288285345,,-97.6900683,30.5552291
9216734007,Ent Credit Union,-105.0794068,40.4581856
7138248838,KeyBank,-104.84661,39.6610759
6838904177,First Bank,-105.071757,39.5937339
1606806867,,-97.7619415,30.4296765
4484574224,Wells Fargo,-104.904112,39.9299618
2964964455,,-104.9006715,39.2277825
4532389680,Community Bank of the Chesapeake,-76.6599046,38.718985
9644672284,Wells Fargo,-77.262493,38.8717294
4795944033,Chase,-105.100561,39.7397203
6401476586,,-77.0239976,38.9325344
1832746513,,-105.2908652,39.5434473
3507029703,,-104.9977122,39.7374776
5135589599,,-77.2593852,38.6832298
3567231863,Chase,-104.809356,39.6740517
9344567105,,-97.718289,30.6837414
8629774943,,-97.6097429,30.819551
5736351313,Huntington Bank,-104.769159,39.5118287
10817247143,,-97.6766826,30.5009831
8507869266,,-97.7740811,30.4970692
2649318272,,-97.610681,30.4431557
5396457057,,-104.8875719,39.623301
4161756569,Democracy,-76.9936147,38.9064677
4595595984,Wells Fargo,-97.9631808,29.8644488
2086325274,,-105.2243822,40.0154521
1851038913,,-77.26579,38.9368059
10718754377,Circle K,-105.281641,40.0298655
3692761777,First National Bank,-105.096884,40.5741337
10840923183,,-97.3829183,30.3480363
6530759105,,-106.3761139,39.6421238
8369348344,,-97.6996295,30.3023308
2325075841,First Bank,-104.760402,39.4795204
589267926,Wells Fargo,-104.990729,39.655744
9807583045,Brenham National Bank,-96.3961972,30.1406823
10226924608,,-90.2544309,29.9955883
9800624378,Bank of the West,-105.267691,40.2243146
6290479689,Wells Fargo,-105.254471,40.0353714
4922736927,Community Bank,-89.3687532,31.3220584
1999204219,Chase,-104.974615,39.7254486
3785584966,,-77.2982338,38.6520595
6770639836,Wellls Fargo,-104.6966255,40.3935438
8530759473,BB&T,-97.7947088,30.4755226
4134326351,Wells Fargo,-77.0431041,38.9086111
6620414703,Bank of the West,-105.0109525,39.7696661
3657848144,Wells Fargo,-104.709308,39.599905
3506537230,Bank of America,-97.7534368,30.2371262
10040079879,USAA,-77.0971029,38.8964764
2423636557,Chase,-104.959976,39.6552438
1185576183,,-105.2754615,40.0073269
6139435231,Capital One,-77.0613617,38.8630149
1326100741,USAA,-98.7081353,29.4934904
2424886725,Bank of the West,-104.899727,39.6535635
3137409837,Bank of America,-76.9912764,38.9003598
9483455586,PNC Bank,-76.9912649,38.9367349
6882312386,,-76.9581919,38.8347874
3018626253,,-104.9950334,39.7546458
8144984431,Wells Fargo,-105.048747,39.9153368
1999204226,,-105.0056649,39.7449236
2322764523,,-104.8608143,39.363516
1239441482,Regions,-97.740886,30.4001354
4354983017,Bank of America,-105.279979,40.0172998
8326596555,,-97.6735755,30.4028999
9833156841,,-104.8994456,39.7687505
2763330115,Wells Fargo,-104.866376,39.6922322
3211005139,Southern Mississippi Federal Credit Union,-89.3390106,31.3245379
8192546034,Bank of America,-97.8754305,30.233899
7080905779,PriorityOne Bank,-89.3981216,31.3183433
6376583499,PNC Bank,-77.0506176,38.8980989
2863367755,,-104.9726694,39.6534532
1481721331,Prosperity Bank,-97.7415445,30.2671032
10690985299,,-104.8073368,39.7064877
5313954937,,-104.6666871,39.8579074
2293201903,First Bank,-104.7713305,39.7840435
9559328064,Neighbors Federal Credit Union,-91.0777481,30.3702211
9017287333,,-97.7493523,30.2511193
8253078213,Bank of Colorado,-105.0979714,40.5743908
5369203717,Chase,-97.8327827,30.4827064
3534285942,,-105.0248741,39.7299757
9669579973,,-105.1679022,40.1012938
3854880384,UNO Federal Credit Union,-90.0704341,30.0275498
3664989256,,-77.0629279,38.8203307
5172401701,Chase,-105.261362,40.0143636
5266941457,Wells Fargo,-104.882485,39.6527869
3386912912,,-105.0585634,40.5778359
1479752722,,-97.7073277,30.4149199
10647561228,,-98.4285522,29.4850814
1481848489,Wells Fargo,-97.746684,30.2567056
3387218919,,-104.9785384,39.74312
9528857247,Chase,-104.7728928,39.7833805
1984215679,Bank of America,-97.945738,29.5688619
5795834144,Community Bank of Colorado,-104.7726967,39.5186316
4922736722,Citizens Nationals,-89.3211934,31.3105722
4141637662,,-76.8500264,38.6973976
2626566972,Chase,-97.7296044,30.3602634
8070105515,Canvas Credit Union,-104.6714972,39.8631193
2857393730,Wells Fargo,-105.1163924,40.5732568
2026110879,U.S. Bank,-104.868091,39.6865736
2960555509,First Bank,-104.834448,39.7397627
5955465402,Wells Fargo,-104.687903,39.5860917
5286386873,,-90.0623962,29.945739
3733149339,Chase,-77.0500784,38.8381684
8325283611,Wells Fargo,-97.6751623,30.4118642
10602565921,Resource Bank,-90.0679654,29.9492995
5765913483,Canvas Credit Union,-104.7657431,39.515836
6438350838,BBVA,-104.763396,39.5127813
1393657213,U.S. Bank,-104.996224,39.7480411
8282147380,,-97.7409675,30.3615734
6133617363,Hancock Whitney,-89.3218939,31.3046997
6821796673,First Texas Bank,-97.7181628,31.091142
10211143830,Wells Fargo,-105.2541398,39.9993146
1479476337,,-98.2743008,30.5750669
2393468592,Interfuel LLC,-77.1886159,38.7452365
10675471918,MetaBank,-97.718449,30.3993686
9559328123,La Capitol Federal Credit Union,-91.0745029,30.3692734
10720442559,Hancock Whitney,-91.1345982,30.5052009
935579340,,-98.4849006,29.4240708
6133395088,Hancock Whitney,-89.3776725,31.3211097
939470260,PNC Bank,-76.993335,38.9063406
3630721059,,-105.1140311,39.7410222
3872240069,,-77.3355993,38.6433479
3785782463,Bank of Colorado,-103.622001,40.2564854
9968772452,Ent Credit Union,-105.0517297,40.5241558
7377186593,,-105.0135041,39.7519316
7298137166,,-97.1659036,30.2315023
5405987926,,-89.8270243,30.3023964
6058883163,,-77.1212729,38.8981767
9753351778,VeraBank,-97.8447048,30.5580577
5682893232,,-77.0513378,38.8477719
2792878029,PNC Bank,-77.0342514,38.8989266
993923097,,-104.671271,39.8536401
1985131027,,-104.903457,39.5961537
2293201911,Chase,-104.7704856,39.7833221
6090647901,,-98.4719012,29.5257659
3944903399,,-105.1690115,39.956688
9310894141,Wells Fargo,-105.200966,40.0722723
668901122,,-97.8071916,30.2033005
7881318770,Broadway Bank,-98.1024345,30.0066758
4610985437,,-105.2803235,40.0154873
1195095251,Bank of the West,-105.266878,40.0083511
5922920991,First Bank,-104.782518,39.5599639
5173630538,Randolph Brooks Federal Credit Union,-98.0959993,29.6962739
3782927034,The Farmers State Bank,-103.6255126,40.2554583
6058883147,,-77.1209959,38.8982177
2752943304,,-104.8836497,39.6534423
9417490127,,-97.7653347,31.1367768
9750192541,Wells Fargo,-98.6396088,29.3805259
1334018840,,-104.9987444,39.7479879
3382282084,,-104.9871418,39.7440099
8061248619,Cardtronics,-97.7174807,30.6819981
965153823,,-104.9487786,39.7501682
1227587493,IBC Bank,-97.7224912,30.391613
1751678853,,-76.7718717,38.9088041
4824278332,Wells Fargo Bank,-97.8504092,30.5141273
5670705539,,-104.9971682,39.7510658
8537949078,,-97.805453,30.4788866
9382711625,Capital One,-77.0960242,38.9449848
5284720088,Chase,-104.939804,39.6688053
7604228856,,-104.9395411,40.1594177
1302416783,Whitney Bank,-90.0700333,29.9492157
9582071403,Bank of America,-97.8655362,30.5455084
8229497844,,-97.7222385,30.3922553
564069277,,-77.0922904,38.861572
5562784725,,-77.0794005,38.7807982
10173983408,,-105.2506386,39.9845689
4522485037,,-105.0245781,39.7852772
2933583051,KeyBank,-104.868647,39.6749707
6821757582,,-97.6667717,31.0684128
9443197959,Wells Fargo,-104.6905651,40.424535
6654339388,The First,-89.3306183,31.3036234
8484546583,,-97.6509522,30.5425921
1553237362,Foothills Credit Union,-105.0858311,39.7105559
4678165190,,-105.0350139,39.787623
3855747359,,-97.6856814,30.3823434
6137795215,,-105.1628216,39.9654452
4615096024,M&T Bank,-76.6601805,38.7160028
10039917400,Bank of America,-77.2679539,38.6402912
2627948226,,-104.805336,39.8850425
2189107609,Wells Fargo,-77.1413095,38.8863561
3006564169,,-104.9989034,39.7537821
4752031123,,-90.0652145,29.9418981
955190941,,-105.518248,40.3776009
6770639841,Wells Fargo,-104.7346103,40.403462
9800624380,Bank of the West,-105.267776,40.2244784
8854749163,,-99.2347222,30.0733348
935579303,,-98.4854772,29.4241293
1998961096,,-77.0169286,38.7844537
3397745944,,-104.98716,39.7340909
6979741728,SunTrust Bank ATM,-76.7901776,38.9002699
10720062180,Capital One,-91.0177855,30.397562
2641724484,U.S. Bank,-105.080239,40.5824721
3804820001,,-77.0958408,38.8862723
7297515281,,-97.7465472,30.4076275
3857330985,,-77.3115693,38.6480556
6217418201,Hancock Whitney,-89.2507684,31.3473176
3325374469,,-105.0339389,39.7623849
4486015356,,-105.1006375,39.6122725
4401928816,Citibank,-105.024839,39.7695764
6821795606,USAA,-97.6609701,31.0709639
8229460345,,-97.7197233,30.3899877
919338930,,-97.7671271,30.2493483
6741288471,Wells Fargo,-98.5040618,29.3569431
4774957721,Cardtronics ATM,-105.0366879,39.776242
5286386863,,-90.0621173,29.9438407
10759467356,,-104.8824535,39.5652686
4365568431,,-77.2991955,38.6280168
10543436587,Bank of America,-77.0062476,38.8980033
9064728149,Black Frog,-77.2213727,38.9131919
1500969034,Bank of the West,-105.112856,39.6690395
6717535490,,-98.4894718,29.5210481
993923095,,-104.6741984,39.853991
2319095288,,-104.87253,39.4158056
10750730591,Wells Fargo,-104.7726745,39.6191513
8537949077,,-97.8054808,30.4789518
3611827003,Navy Federal Credit Union,-104.773044,39.6959322
7729180514,Citibank,-77.1449367,38.7477202
1213346729,U.S. Bank,-105.271052,40.0069659
9887880546,Schertz Bank & Trust,-98.1072249,29.7246795
5676848348,,-104.9890147,39.7433855
1905607294,,-77.2268813,38.8668945
5590193853,,-77.2560983,38.9091736
9749341571,Canvas Credit Union,-104.7694902,39.5415069
4192697125,Wells Fargo,-105.05893,40.5520791
1388048770,,-105.4950454,39.8037943
3847084026,,-77.3333229,38.6468274
6260109988,,-104.7090046,39.6056329
4112326356,,-105.2187379,39.7551854
4485970439,Public Service Credit Union,-105.1090462,39.6084735
6215424315,,-104.9865384,39.7253449
9749341569,Canvas Credit Union,-104.7697397,39.5414207
1058126488,PenFed Credit Union,-77.1335775,38.768189
10844912435,Bitstop Bitcoin ATM,-105.034036,39.9294834
9938001666,Wells Fargo,-77.062261,38.7748006
4085394889,Bank of America,-77.0374658,38.9023243
6300058393,CardTronics,-104.806503,39.6750175
9351409067,Chase,-104.9413833,39.7027161
1546787304,Public Service Credit Union,-105.1094468,39.6089288
4082206289,Wells Fargo,-77.0961351,38.8858553
6190898754,,-77.1915753,38.8949822
4113401591,Bank of America,-77.0375404,38.9295796
1235384927,Wells Fargo,-97.7249893,30.3928038
1213346718,Credit Union of Colorado,-105.2710692,40.0069659
1111758260,,-97.9393251,29.8855033
2152146042,ATFCU,-97.4165069,30.5992296
2526182495,Wells Fargo,-104.882593,39.7399445
3397744997,,-104.9871587,39.7339867
9644672285,Wells Fargo,-77.2623161,38.8717321
3008727685,PNC Bank,-77.0321579,38.9098466
9750095007,USAA,-98.6395658,29.3814796
1227587530,Bank of America,-97.7269143,30.4008159
6074691251,Central Sunbelt Federal Gredit Union,-89.2979942,31.3624263
4331246181,,-105.0970917,39.8787931
3228743064,Cottonport Bank,-91.4647882,30.6868062
4813038169,,-77.1550739,38.8740659
10200408967,Brenham National Bank,-96.3995695,30.1671596
5922902246,Wells Fargo,-104.782794,39.5587123
2703585186,Elevations Credit Union,-105.2528486,39.9990606
4085394690,M&T Bank,-77.0381943,38.9022808
5286386874,,-90.0622614,29.9457459
10832963688,,-97.4093926,30.5705414
3582273705,,-104.7900902,39.6751766
9518251311,U.S. Bank,-105.0657354,39.9151853
9898257108,Bank of America,-98.1341598,29.6826211
3383177500,,-104.9816604,39.7433866
4496338940,University Federal Credit Union,-97.7341871,30.2833844
5180714987,Chase,-105.261334,40.0141884
5824827247,Chase,-104.81729,39.9727278
8313483186,,-97.6717226,30.4380697
7947936374,,-90.9787659,30.3201557
696266916,,-105.0764983,40.5321351
9749341570,Canvas Credit Union,-104.7696145,39.5414649
2793819812,Capital One,-77.0424542,38.8539769
8144984437,Wells Fargo,-105.101766,40.1911831
1853817546,Wells Fargo,-105.078715,40.5825378
4934734821,,-89.3483761,31.32801
8732051630,Richton Bank & Trust Company,-88.9350306,31.3565491
4806942373,U.S. Bank,-105.117413,39.7184403
1718845054,,-105.1286496,39.9877757
10750730590,Wells Fargo,-104.7722382,39.6190086
4191939515,,-77.3403847,38.6476786
5472060384,BBVA,-104.866416,39.6873804
6821808742,USAA,-97.7083003,31.0870879
5181887466,Bank of America,-105.270975,40.0069661
2122899370,,-106.04746,39.4806588
6299750881,CardTronics,-104.791434,39.6731796
4069779152,M&T,-77.0522959,38.9243896
10609337099,PenFed Credit Union,-98.0735084,29.7316048
8493514486,,-97.682058,30.4818951
9416924551,PNC Bank,-77.1167144,38.8823007
4486015343,,-105.0989866,39.6100202
10610830951,M&T Bank,-77.2347584,38.8744172
2802843907,,-98.6420887,29.4395567
8061248620,Pulse,-97.6929212,30.6645694
8294992784,,-97.6899386,30.5591628
1999204225,,-105.0023605,39.7449236
7465312960,BB&T,-77.175162,38.8675027
1503603607,Chase,-105.108961,39.5981326
1899518325,First Bank,-104.810156,39.8849674
3852014144,,-97.6978779,30.3620247
9831455669,,-104.7909247,39.5358718
5765856092,First Bank,-104.765754,39.5176955
5679529444,,-104.9906615,39.7431873
3245054372,Wells Fargo,-97.7458302,30.2649727
5544105844,,-77.2713288,38.8777732
9395511384,Wells Fargo,-97.8330962,30.4794434
6068901840,,-105.0156564,39.5368258
497415804,PNC Bank,-77.05413,38.930466
878152397,,-104.9806997,39.6932724
668901104,,-97.8048581,30.2030224
7415847402,,-104.9787169,39.7786622
7601548876,KeyBank,-104.940589,39.9127651
2752943224,Academy Bank,-104.878473,39.6518552
3992834567,,-77.1099209,38.8713756
3037395020,,-77.0607022,38.8033541
1506447904,Regions,-90.0675962,29.9487738
3784078129,,-77.2877282,38.6516636
2784793712,First Bank,-104.865041,39.6744168
2786796057,KeyBank,-104.914983,39.6674008
919390899,Wells Fargo,-97.7537881,30.2392743
1751678831,,-76.7744627,38.9091287
1346030760,Chase,-105.277948,40.0165421
3037395026,,-77.0577223,38.8063054
8530065404,University Federal Credit Union,-97.7977935,30.4667072
8534873247,Wells Fargo,-97.8011755,30.4797295
1751654429,,-76.7729111,38.9074078
3930105569,,-105.0371988,39.7620191
1528888109,Chase,-97.7569077,30.336925
2702170051,U.S. Bank,-105.25782,40.0170232
8397911123,,-97.7026974,30.4200889
9200147147,,-90.1740483,29.9587843
8511321005,Chase,-104.68871,39.5867741
9750499320,USAA,-98.6311541,29.4025151
4413883902,,-77.0423169,38.8043999
10838079941,,-97.4156502,30.3513321
10307395731,Coin Cloud Bitcoin ATM,-105.024423,39.8670391
4089003796,Wells Fargo,-77.0317031,38.8992638
1985131034,,-104.9018165,39.5962102
4988750712,PNC Bank,-77.0271837,38.8913091
4486015369,,-105.0954286,39.6092257
3037395022,,-77.0615927,38.8022567
4879027984,,-97.7386138,30.2612134
5415456523,,-89.3792686,31.318981
2793819862,Capital One,-77.0414327,38.854196
3020738437,,-104.991585,39.7566251
3005928170,,-104.8478355,39.7792819
4166568289,Wells Fargo,-77.0405472,38.9038962
2701841432,Chase,-105.254129,39.9997033
1553237390,First Bank,-105.081053,39.7068088
5113066055,,-104.9780779,39.7820821
5077968629,,-105.2543099,40.0370179
10609398344,Navy Federal Credit Union,-97.6712643,30.4797316
2317166309,,-104.6096454,39.3601494
7729907778,Capital One,-91.1416066,30.4194814
10832963680,City National Bank,-97.4109534,30.5698462
2419012525,,-77.0789687,38.8734438
9506602612,,-90.0736499,29.9518557
2980533886,Collegiate Peaks Bank,-104.8379853,39.7483959
6148628402,Chase Bank,-98.0062194,30.320236
6634470587,Capital One,-90.1572691,30.0047412
7152733959,Bank of America,-77.2317354,38.9251218
10759467357,,-104.8824788,39.5654018
4030803491,,-77.0418255,38.920519
6350261067,Chase Bank,-97.7805649,30.4397307
2792739633,,-77.0324832,38.9053089
655825680,Chase,-104.99216,39.6536495
3506539564,Chase,-97.7539169,30.2376569
8288285346,,-97.6909065,30.5547886
8291909345,,-97.6878976,30.5586365
5181887465,,-105.2709968,40.0069661
8020552510,,-104.9396908,39.7017634
2352597269,Bank of America,-97.7538646,30.3534637
6363974414,,-97.7263685,30.2374386
5077968644,,-105.2527412,40.03677
10313544804,,-97.8390574,30.2214328
3506566671,Bank of America,-97.7542736,30.2374344
5173630539,Randolph Brooks Federal Credit Union,-98.0959603,29.6962494
713474201,Capital One,-77.0653978,38.9052387
8192486056,,-97.8462287,30.2352232
6392119895,Canvas Credit Union,-104.6693387,39.8586824
3901895224,Chase,-105.025753,39.7599001
5349683215,,-77.219541,38.7038053
3874012015,FNBO,-105.079577,40.5837752
4258006190,Truist,-77.0018871,38.8874496
176420477,,-105.114011,39.984331
7465312955,USAA,-77.1730892,38.8694179
7080960711,Citizens National Bank,-89.3960551,31.3186098
1254086055,BBVA Compass,-97.7209612,30.3923496
3297584342,Wells Fargo,-105.088246,39.9228006
8500723396,,-97.6864125,30.5079506
10602785230,Wells Fargo,-105.0777847,40.5831379
2763330117,Wells Fargo,-104.865258,39.6923457
9217440122,Citibank,-77.302527,38.6585946
5522616162,Bank of America,-97.7377297,30.2829073
3630721496,,-105.1157836,39.7410979
7137564939,U.S. Bank,-104.86741,39.6726293
6553704851,Wells Fargo,-106.376559,39.6419721
6810280523,,-97.7224495,31.0800338
10702378496,UFCU,-97.8241236,30.2338907
2123012586,Bank of America,-76.9787265,38.8051098
940997404,,-98.4943388,29.4342373
5347962737,First Citizens Bank,-104.888434,39.6234247
6758614160,Citywide Banks,-104.9123589,39.6525095
1543821526,KeyBank,-105.109216,39.6226379
6992631238,Black Frog,-77.2555552,38.8100377
8777723354,,-97.6903354,30.5301757
5173630540,Randolph Brooks Federal Credit Union,-98.0959337,29.6962327
5638234774,First Bank,-104.940662,39.8841045
10815486727,Frost Bank,-97.8244523,30.2949022
1249186571,Wells Fargo,-97.7469879,30.3964397
3340954877,Westerra Credit Union,-104.8213455,39.7116962
2039857432,First American Bank,-97.9891232,29.5760343
8532619516,ABC Bank,-97.7974768,30.4745873
5150403027,,-77.2788814,38.6756342
6737152635,,-98.504319,29.3680539
2025706456,,-104.8695739,39.6741982
8099191194,First Bank,-104.901687,39.7564679
5308744469,Bank of America,-105.02573,39.7472701
993923093,,-104.6762825,39.8537006
2025924815,Chase,-104.868209,39.6869678
8534891362,Wells Fargo,-97.8006276,30.4795335
1038889571,Bank of America,-98.7275596,29.5021517
3106518681,,-105.0033332,39.7511015
10689314081,,-77.0514879,38.7984025
4093997762,Wells Fargo,-97.7508629,30.2469162
5679529445,,-104.9906581,39.7431903
5322954670,Colorado State Bank & Trust,-104.9573037,39.609477
3254783874,,-89.3351295,31.2635796
4824304490,MOBILEMONEY,-97.8297573,30.4830199
9736049152,Bank of America,-97.5815564,30.5046367
3220725542,Region's,-89.3470897,31.3227657
8320147354,,-97.6714394,30.4193542
4922738222,,-89.3766546,31.3270273
2763368859,CoreFirst Bank & Trust,-104.8677663,39.6961453
6758605464,UMB Bank,-104.908894,39.6525713
4331742179,Bank of the West,-105.0109538,39.7697025
2493850040,,-77.0899608,38.8283199
2833350486,Chase,-104.91638,39.7396235
1092236544,,-77.2563977,38.6516307
2683026884,,-97.7420565,30.266666
3733779497,Bank of America,-77.1114794,38.8816147
9272346694,University Federal Credit Union,-97.8240512,30.2336638
4286618599,,-104.677795,39.8589009
1781287626,,-105.1627418,39.9637109
1840246150,,-105.3042468,39.5187041
8498339105,Ent Credit Union,-104.8479182,39.6595007
5133016938,,-77.0869979,38.7106328
10688074012,Navy Federal Credit Union,-77.331208,38.852392
6096705492,Wells Fargo,-105.276522,40.007423
2921245042,Bank of America,-77.0324415,38.9283637
4840467762,Chase,-77.1069233,38.8963799
1374200178,Truist,-77.1057363,38.8965289
3664997571,Citibank,-77.0553627,38.8130701
522259925,,-98.465655,29.6067167
2334043232,Wells Fargo,-104.901304,39.5954967
1851060885,First Bank,-105.038484,40.5504141
2763350855,KeyBank,-104.865371,39.6943497
9042262632,,-105.0883431,39.9331881
6211247907,Southern Mississippi Federal Credit Union,-89.2677683,31.3468923
8769431916,,-97.6776679,30.6337453
9071769064,Black Frog,-77.2741423,38.6786624
1438074496,Chase,-105.059416,40.5775717
9351409077,Western Union,-104.941324,39.7021332
935579308,,-98.4842917,29.4238302
2317166310,,-104.6097999,39.3611419
2964964454,,-104.8982412,39.2283382
2914594708,Bank of America,-77.0482509,38.9002086
5285185854,Chase,-104.938517,39.6684754
5676842080,,-104.9879585,39.7426056
5462789485,BB&T,-77.1837658,38.7827218
10002975349,Chase,-77.0036378,38.9082291
1250748031,Wells Fargo,-97.70358,30.4005339
3262425161,Wells Fargo,-89.3450779,31.3253116
10038084939,Wells Fargo,-105.109114,40.1535273
8541306089,Frost Bank,-97.8041366,30.4651733
5070540499,Bank of America,-104.869057,39.6900656
3935307056,,-105.2579326,40.0143173
4816918991,Credit Union of Denver,-105.1241976,39.7224059
5243566430,,-104.958503,39.719821
3846141330,,-77.3367788,38.643178
2271266026,Chase,-104.884058,39.6247093
1058422310,Bank of America / Valero,-98.6779522,29.4897369
4380021991,,-105.3653578,40.281254
8633508319,Community Banks of Colorado,-104.707005,39.6064644
2526028090,Bank of the West,-104.827474,39.7032897
422193186,First Bank,-105.101349,40.0016405
9307115791,,-98.9075521,29.9681707
3729611891,Navy Federal Credit Union,-76.9176663,38.628614
4324593261,,-105.006927,39.7798429
3192360918,Bank of America,-77.0321344,38.9306524
6101640442,United Heritage Credit Union,-97.8054282,30.2085143
2531707263,Bank of America,-97.8261565,30.4559119
5266941462,Bank of America,-104.8828,39.6526465
7546757956,,-77.146806,38.8703032
4071016664,Capital One,-77.0456589,38.9138962
4070365489,BB&T,-77.0423797,38.9230486
9102646550,Bellco,-104.9276593,39.5939455
1899513517,PNC Bank,-104.806154,39.8846278
4391061701,Bank of the West,-104.940084,39.6674517
2642080255,,-77.292761,38.6443825
4103963776,,-104.9264212,39.7076591
10184669799,Woodforest National Bank,-96.3935695,30.1402198
6557769086,,-91.1765294,30.4499973
3395083168,,-104.9943181,39.7365638
6123766263,The First,-89.4146638,31.1538872
1481721292,BBVA,-97.765332,30.2747529
2642080250,,-77.2992734,38.6419189
10544278841,First Bank,-105.0784614,40.5567685
1899483242,Wells Fargo Bank NA,-104.7760973,39.8847946
3876432640,,-77.3047981,38.652732
4236733531,Bank of the West,-104.922525,39.6073545
5173630537,Randolph Brooks Federal Credit Union,-98.0960336,29.6962955
1579131920,KeyBank,-105.080279,39.6839213
5379815765,U.S. Bank,-104.890813,39.6254424
2622859378,Chase,-97.7717218,30.433908
9655077317,,-77.0474843,38.8053223
3409977388,Chase,-105.057844,39.7107267
2334017457,First National Bank,-104.898965,39.5952942
2153338515,Murphy's USA,-97.6511268,30.5178718
6747350968,BBVA Compass,-97.7301104,31.092745
1481721314,Citibank,-97.7494992,30.2687102
3059412289,First Bank,-105.131914,39.7197379
4035135451,Premier Members Credit Union,-105.1567821,39.9577481
3521325400,,-104.9804891,39.7620396
6747336182,Extraco Banks,-97.6693235,31.0690017
9671124223,Bank of America,-77.2566627,38.9087747
3496488638,,-104.9993073,39.7291289
4235135725,,-105.5106203,39.9618428
8320074929,,-97.6716791,30.4186146
8359164432,First Bank,-105.158615,39.734529
10616392526,Wells Fargo,-97.8804122,30.2021149
2964964453,,-104.9002703,39.2292317
9689166046,,-77.0241171,38.9059829
4828125249,,-77.1541808,38.8742925
6133548824,Citizens National Bank,-89.3590814,31.3248858
5332013349,,-77.2134293,38.7141369
8957854475,Chase,-77.2367481,38.9232408
610993882,Bank of America,-77.0262646,38.8962694
4481039541,BBVA,-105.253427,40.0143448
6311920644,,-105.026543,39.584654
5316544241,,-77.2077661,38.7040337
1751578501,,-76.7735581,38.9058682
8729438069,,-77.076502,38.8455886
8864197817,FNBO,-104.801507,39.9865073
9675071759,,-105.1129098,40.4076637
1616915174,Bank of America,-77.3074116,38.8465868
4069224744,PNC Bank,-77.1100875,38.8767325
1541634247,Girton Mart,-105.1076951,39.6551731
3376098903,,-104.9871545,39.7424582
2921246201,,-77.1474811,38.7823265
1236793260,Chase Bank,-97.7350323,30.3147163
9383900127,,-89.2640259,31.3463183
1832634690,,-105.3171928,39.6334357
1185576185,,-105.2752589,40.0073377
1638491502,Huntington Bank,-105.101996,40.0007166
2522480092,,-98.3240178,29.5732929
9217440120,PNC Bank,-77.300012,38.658943
5522616579,Bank of America,-97.7365214,30.2830496
4286618596,,-104.6743,39.8588886
1393667107,,-104.9978392,39.7481854
6770639818,Wells Fargo,-104.695799,40.4042854
2337697716,USAA,-97.65193,31.075147
1470675204,Belvoir Federal Credit Union,-77.1434609,38.696583
9250987482,,-76.9230967,38.8499573
3155435317,Chase,-97.7228136,30.405548
8067276601,,-90.24,30.0186005
4335909214,Wells Fargo,-77.0740672,38.8946225
1999204199,First Bank,-104.973245,39.730958
3506541314,Bank of America,-97.7535844,30.2372096
5676848349,,-104.9884338,39.7444765
10789388126,,-105.0064301,39.7453286
4933514996,Bank of America,-97.6681351,30.2021078
3511716879,,-104.9412869,39.6867226
1781287665,,-105.1642867,39.9657193
9072012116,Black Frog,-77.290895,38.6513724
6733804385,Xplore,-90.0705544,29.9500931
3037395021,,-77.0621318,38.8030928
2700745338,Coin Vault ATM,-97.7671829,30.2235953
5307590270,U.S. Bank,-104.867516,39.672462
2365963845,,-97.370163,31.07118
7909857493,b1BANK,-91.0091657,30.3580967
9071554364,Black Frog,-77.2341133,38.7794065
3632429945,Academy Bank,-105.0793744,39.7422563
6166409513,,-77.155922,38.8715028
8432963704,USAA,-98.7385376,29.4299745
10702351869,RBFCU,-97.8277924,30.2323761
2104667008,Bank of America,-77.082207,38.7718411
8958078218,Navy Federal Credit Union,-77.0501544,38.8519732
8194172073,Hancock Whitney,-91.1418124,30.4181704
9807443475,Brazos Valley Schools Credit Union,-96.385371,30.1462157
5021232264,BBVA,-104.996297,39.9004658
3009019371,,-104.9989111,39.7585484
2776113863,BB&T,-77.0526145,38.81464
1553237400,Bellco Credit Union,-105.0799734,39.7050503
8429674297,,-97.6716883,30.4202525
9140461447,Sunflower Bank,-105.2099992,39.7462867
9236449062,Ent Credit Union,-105.096662,40.552507
1545262643,First Bank,-105.11067,39.622866
10185914313,Chase,-104.7221005,39.6008223
3846831966,,-77.3064933,38.6543725
5069344836,,-105.0256862,39.7763968
3390823516,,-104.9828205,39.7401636
5127549040,North Valley Bank,-104.9782894,39.8613019
6061911174,Trustmark,-89.3379067,31.324624
7040673383,,-104.7942681,39.5352405
839604484,Bank of America,-77.0727665,38.9219571
6131289309,Main Street Bank,-77.0949248,38.8846031
1579202355,First Bank,-105.083092,39.6818508
10799230015,Canvas Credit Union,-104.7905932,39.6382869
8568340124,,-97.6784872,30.6382103
4073837316,CardinalBank,-77.0414608,38.9023148
4075332012,Citibank,-77.0413579,38.8997019
6581097147,KeyBank,-105.03489,39.9573942
4402038666,Wells Fargo,-105.278662,40.0175683
4286618592,,-104.6759362,39.8588701
4458732044,,-105.0753561,40.5323147
8629595033,,-97.6093851,30.8211403
5224044995,,-104.899702,39.6229975
1553237403,KeyBank,-105.087215,39.7105889
4331246182,,-105.0970451,39.8787947
3137305159,ACE Check Cashing,-76.9982323,38.9000518
4186450954,Colorado East Bank & Trust,-104.5107821,40.108881
1553237416,Wells Fargo,-105.084184,39.7105641
6570609185,Bank of the West,-104.990454,39.7459748
1715393599,,-105.0044203,39.7543917
6838467511,Bank of the West,-105.072207,39.5956389
6838467513,U.S. Bank,-105.070467,39.5948745
5648408222,Bank of America,-77.0328373,38.9289812
5210408721,,-77.1890344,38.8296827
3413725757,,-104.9821294,39.7382937
6052771905,,-77.1089128,38.8808031
4719427277,,-77.0055939,38.8979438
3634964854,,-105.0799405,39.769903
4070361590,BB&T,-77.0425513,38.9231331
1579202285,Wells Fargo,-105.082028,39.6820305
5927489169,,-104.7813512,39.5587447
4082289189,Citibank,-77.0321746,38.930302
8347091110,Cardtronics ATM,-97.7155386,30.4096141
3540545676,Wells Fargo,-104.819706,39.6984672
2152145796,Cadence Bank,-97.4170401,30.6002487
993824455,Capital One,-77.0431222,38.8558436
8968475138,,-88.9889842,30.4016813
1250747966,Capitol Credit Union,-97.7165885,30.4057083
9415123765,Chase,-97.8579459,30.582524
8777723353,,-97.6901895,30.5290052
6733804185,Xplore,-90.0701185,29.9516987
4141886865,KeyBank,-104.77331,39.6510937
2663516956,BB&T,-76.6613796,38.7196856
8758932040,Chase,-77.042053,38.9232682
2752892211,Academy Bank,-104.8765391,39.6521856
3260831117,,-89.3763739,31.3272401
9172064258,,-104.7685204,39.5363296
5528393175,,-77.1221818,38.7859281
578367165,First Bank,-105.137088,39.7088959
2096899139,First Bank,-105.234335,39.9997521
3781168857,Wells Fargo,-77.0246103,38.9367686
6141051174,,-77.0945234,38.8880315
3037395023,,-77.0587469,38.8062595
6546093060,,-106.3741816,39.6391859
2906579958,Chase,-104.864607,39.7113889
3441134100,,-104.9749881,39.7335348
9750095012,USAA,-98.6395641,29.3814804
7416156874,,-90.0723694,30.3692621
8493459520,Chase,-97.6844409,30.4804486
5765837008,KeyBank,-104.765573,39.5181799
8099213455,,-104.9022563,39.7596323
1997919227,,-96.3733406,30.6734791
5296542670,BBVA Compass Bank,-104.8940474,39.6246619
1258199436,Chase,-97.7547029,30.4258053
3720350902,,-77.058415,38.835027
4922736734,,-89.3601525,31.3231833
5070222419,,-104.6742019,39.8498581
8555431406,,-97.761502,30.5591691
9898257109,Bank of America,-98.1341711,29.6826191
